{
    "orignial" : [ 146.4, 146.7, 146.78, 146.61, 146.61, 146.36 ],
    "withEachOne" : [ 145.85784017562867, 145.8604316687584, 145.86854471087454, 145.87670320749282, 145.88385026812554],
    "atOnce" : [ 146.2045440673828, 146.2848358154297, 146.34584045410156, 146.36288452148438, 146.3592529296875]
}